node/1,/
node/49,/developers/raml-100-tutorial
homepage,/
latest,/
enterprise/raml-news,/
blogs/archive,/archives
node/16,/about
node/31,/projects
blog-category/uncategorized,/blog-cat?cat=uncategorized
blog-category/news,/blog-cat?cat=news
blog-category/tooling,/blog-cat?cat=tooling
blog-category/specification,/blog-cat?cat=specification
blog-category/updates,/blog-cat?cat=updates
blog-category/guest-posts,/blog-cat?cat=guest+posts
blog-tags/linux-foundation,/blogtag?tag=linux+foundation
blog-tags/open-source,/blogtag?tag=open+source
blog-tags/raml,/blogtag?tag=raml
blog-tags/mulesoft,/blogtag?tag=mulesoft
blog-tags/raml2html,/blogtag?tag=raml2html
blog-tags/documentation,/blogtag?tag=documentation
blog-tags/testing,/blogtag?tag=testing
blog-tags/parser,/blogtag?tag=parser
blog-tags/raml-mvp,/blogtag?tag=raml+mvp
blog-tags/update,/blogtag?tag=update
blog-tags/rc2,/blogtag?tag=rc2
blog-tags/raml-console,/blogtag?tag=raml-console
blog-tags/tooling,/blogtag?tag=tooling
blog-tags/guest-posts,/blogtag?tag=guest+posts
blog-tags/raml-parser,/blogtag?tag=raml-parser
blog-tags/projects,/blogtag?tag=projects
blog-tags/amf,/blogtag?tag=amf
blog-tag/oai,/blogtag?tag=oai
node/53,https://github.com/raml-org/raml-spec/blob/master/versions/raml-10/raml-10.md/
projects.html,/projects
about.html,/about-raml
about/about-raml,/about-raml
about,/about-raml
node/54,https://github.com/raml-org/raml-spec/blob/master/versions/raml-08/raml-08.md
node/30,/developers/raml-100-tutorial
spec.html,https://github.com/raml-org/raml-spec/blob/master/versions/raml-10/raml-10.md/
spec,https://github.com/raml-org/raml-spec/blob/master/versions/raml-10/raml-10.md/
docs.html,/developers/raml-100-tutorial
docs-200.html,/developers/raml-200-tutorial
licensing.html,/legal
developers/design,/developers/design-your-api
